contactCounter,Cell Type,Cell ID,Block Number
2,12,0,2
1,12,1,2
1,12,2,2
1,12,3,2
1,12,4,2
1,12,5,2
1,12,6,2
3,12,7,2
8,12,8,2
4,12,9,2
2,12,10,2
7,12,11,2
2,12,12,2
12,12,13,2
6,12,14,2
1,12,15,2
1,12,16,2
13,12,17,2
1,12,18,2
14,12,19,2
1,12,20,2
15,12,21,2
3,12,22,2
1,12,23,2
2,12,24,2
1,12,25,2
7,12,26,2
9,12,27,2
10,12,28,2
3,12,29,2
3,12,30,2
6,12,31,2
1,12,32,2
1,12,33,2
1,12,34,2
2,12,35,2
2,12,36,2
1,12,37,2
1,12,38,2
1,12,39,2
1,12,40,2
2,12,41,2
5,12,42,2
1,12,43,2
7,12,44,2
3,12,45,2
1,12,46,2
14,12,47,2
2,12,48,2
4,12,49,2
9,12,50,2
3,12,51,2
15,12,52,2
6,12,53,2
4,12,54,2
6,12,55,2
6,12,56,2
2,12,57,2
11,12,58,2
2,12,59,2
18,12,60,2
3,12,61,2
1,12,62,2
1,12,63,2
4,12,64,2
2,12,65,2
1,12,66,2
2,12,67,2
1,12,68,2
4,12,69,2
2,12,70,2
2,12,71,2
9,12,72,2
5,12,73,2
4,12,74,2
3,12,75,2
5,12,76,2
3,12,77,2
1,12,78,2
10,12,79,2
1,12,80,2
10,12,81,2
2,12,82,2
2,12,83,2
1,12,84,2
4,12,85,2
3,12,86,2
2,12,87,2
1,12,88,2
1,12,89,2
1,12,90,2
1,12,91,2
1,12,92,2
1,12,93,2
1,12,94,2
1,12,95,2
1,12,96,2
1,12,97,2
1,12,98,2
4,12,99,2
10,12,100,2
4,12,101,2
8,12,102,2
2,12,103,2
2,12,104,2
3,12,105,2
1,12,106,2
16,12,107,2
2,12,108,2
6,12,109,2
1,12,110,2
2,12,111,2
1,12,112,2
2,12,113,2
2,12,114,2
1,12,115,2
2,12,116,2
6,12,117,2
1,12,118,2
1,12,119,2
1,12,120,2
1,12,121,2
1,12,122,2
1,12,123,2
1,12,124,2
10,12,125,2
2,12,126,2
1,12,127,2
14,12,128,2
4,12,129,2
10,12,130,2
18,12,131,2
1,12,132,2
26,12,133,2
1,12,134,2
1,12,135,2
1,12,136,2
1,12,137,2
1,12,138,2
2,12,139,2
30,12,140,2
5,12,141,2
2,12,142,2
2,12,143,2
4,12,144,2
4,12,145,2
2,12,146,2
2,12,147,2
1,12,148,2
14,12,149,2
7,12,150,2
4,12,151,2
1,12,152,2
7,12,153,2
1,12,154,2
1,12,155,2
1,12,156,2
2,12,157,2
1,12,158,2
1,12,159,2
1,12,160,2
1,12,161,2
1,12,162,2
1,12,163,2
1,12,164,2
1,12,165,2
1,12,166,2
2,12,167,2
1,12,168,2
2,12,169,2
4,12,170,2
1,12,171,2
3,12,172,2
1,12,173,2
1,12,174,2
1,12,175,2
1,12,176,2
1,12,177,2
1,12,178,2
1,12,179,2
1,12,180,2
1,12,181,2
1,12,182,2
2,12,183,2
1,12,184,2
1,12,185,2
1,12,186,2
2,12,187,2
1,12,188,2
7,12,189,2
6,12,190,2
1,12,191,2
7,12,192,2
2,12,193,2
1,12,194,2
1,12,195,2
3,12,196,2
2,12,197,2
2,12,198,2
2,12,199,2
2,12,200,2
1,12,201,2
1,12,202,2
2,12,203,2
6,12,204,2
3,12,205,2
1,12,206,2
1,12,207,2
5,12,208,2
1,12,209,2
2,12,210,2
1,12,211,2
1,12,212,2
3,12,213,2
1,12,214,2
1,12,215,2
4,12,216,2
1,12,217,2
1,12,218,2
1,12,219,2
1,12,220,2
1,12,221,2
1,12,222,2
1,12,223,2
1,12,224,2
2,12,225,2
2,12,226,2
1,12,227,2
5,12,228,2
5,12,229,2
4,12,230,2
2,12,231,2
2,12,232,2
2,12,233,2
2,12,234,2
1,12,235,2
1,12,236,2
1,12,237,2
1,12,238,2
2,12,239,2
1,12,240,2
1,12,241,2
2,12,242,2
1,12,243,2
1,12,244,2
1,12,245,2
1,12,246,2
1,12,247,2
2,12,248,2
1,12,249,2
1,12,250,2
2,12,251,2
1,12,252,2
1,12,253,2
1,12,254,2
1,12,255,2
1,12,256,2
1,12,257,2
3,12,258,2
1,12,259,2
1,12,260,2
1,12,261,2
2,12,262,2
3,12,263,2
1,12,264,2
1,12,265,2
1,12,266,2
1,12,267,2
1,12,268,2
1,12,269,2
1,12,270,2
8,12,271,2
3,12,272,2
2,12,273,2
1,12,274,2
1,12,275,2
19,12,276,2
6,12,277,2
10,12,278,2
5,12,279,2
1,12,280,2
2,12,281,2
5,12,282,2
1,12,283,2
3,12,284,2
30,12,285,2
1,12,286,2
5,12,287,2
8,12,288,2
1,12,289,2
1,12,290,2
1,12,291,2
1,12,292,2
1,12,293,2
1,12,294,2
1,12,295,2
2,12,296,2
1,12,297,2
1,12,298,2
2,12,299,2
3,12,300,2
2,12,301,2
1,12,302,2
1,12,303,2
1,12,304,2
1,12,305,2
1,12,306,2
2,12,307,2
1,12,308,2
1,12,309,2
2,12,310,2
1,12,311,2
1,12,312,2
1,12,313,2
1,12,314,2
1,12,315,2
1,12,316,2
1,12,317,2
1,12,318,2
1,12,319,2
1,12,320,2
1,12,321,2
2,12,322,2
9,12,323,2
3,12,324,2
11,12,325,2
2,12,326,2
5,12,327,2
4,12,328,2
1,12,329,2
2,12,330,2
2,12,331,2
3,12,332,2
15,12,333,2
26,12,334,2
1,12,335,2
1,12,336,2
3,12,337,2
1,12,338,2
1,12,339,2
2,12,340,2
2,12,341,2
7,12,342,2
2,12,343,2
1,12,344,2
1,12,345,2
1,12,346,2
1,12,347,2
4,12,348,2
1,12,349,2
2,12,350,2
2,12,351,2
1,12,352,2
4,12,353,2
1,12,354,2
8,12,355,2
14,12,356,2
2,12,357,2
4,12,358,2
5,12,359,2
1,12,360,2
8,12,361,2
6,12,362,2
18,12,363,2
1,12,364,2
16,12,365,2
2,12,366,2
1,12,367,2
4,12,368,2
1,12,369,2
1,12,370,2
6,12,371,2
2,12,372,2
3,12,373,2
1,12,374,2
1,12,375,2
1,12,376,2
1,12,377,2
1,12,378,2
1,12,379,2
2,12,380,2
1,12,381,2
1,12,382,2
2,12,383,2
1,12,384,2
1,12,385,2
1,12,386,2
1,12,387,2
1,12,388,2
1,12,389,2
1,12,390,2
1,12,391,2
2,12,392,2
1,12,393,2
1,12,394,2
6,12,395,2
4,12,396,2
8,12,397,2
3,12,398,2
4,12,399,2
6,12,400,2
4,12,401,2
3,12,402,2
2,12,403,2
1,12,404,2
1,12,405,2
3,12,406,2
1,12,407,2
1,12,408,2
3,12,409,2
1,12,410,2
6,12,411,2
1,12,412,2
3,12,413,2
1,12,414,2
1,12,415,2
3,12,416,2
2,12,417,2
9,12,418,2
3,12,419,2
13,12,420,2
12,12,421,2
9,12,422,2
1,12,423,2
1,12,424,2
7,12,425,2
5,12,426,2
8,12,427,2
10,12,428,2
10,12,429,2
2,12,430,2
2,12,431,2
1,12,432,2
9,12,433,2
5,12,434,2
8,12,435,2
5,12,436,2
3,12,437,2
5,12,438,2
1,12,439,2
1,12,440,2
1,12,441,2
2,12,442,2
1,12,443,2
1,12,444,2
1,12,445,2
2,12,446,2
2,12,447,2
3,12,448,2
1,12,449,2
1,12,450,2
4,12,451,2
16,12,452,2
8,12,453,2
2,12,454,2
3,12,455,2
1,12,456,2
1,12,457,2
1,12,458,2
1,12,459,2
1,12,460,2
3,12,461,2
1,12,462,2
2,12,463,2
1,12,464,2
1,12,465,2
1,12,466,2
1,12,467,2
1,12,468,2
1,12,469,2
1,12,470,2
1,12,471,2
1,12,472,2
1,12,473,2
1,12,474,2
1,12,475,2
1,12,476,2
1,12,477,2
1,12,478,2
1,12,479,2
1,12,480,2
2,12,481,2
3,12,482,2
2,12,483,2
2,12,484,2
2,12,485,2
1,12,486,2
1,12,487,2
9,12,488,2
8,12,489,2
1,12,490,2
2,12,491,2
6,12,492,2
2,12,493,2
8,12,494,2
1,12,495,2
1,12,496,2
3,12,497,2
5,12,498,2
1,12,499,2
1,12,500,2
11,12,501,2
23,12,502,2
2,12,503,2
2,12,504,2
1,12,505,2
12,12,506,2
2,12,507,2
1,12,508,2
5,12,509,2
3,12,510,2
6,12,511,2
8,12,512,2
1,12,513,2
1,12,514,2
18,12,515,2
2,12,516,2
5,12,517,2
4,12,518,2
5,12,519,2
22,12,520,2
2,12,521,2
11,12,522,2
6,12,523,2
2,12,524,2
10,12,525,2
3,12,526,2
1,12,527,2
1,12,528,2
1,12,529,2
2,12,530,2
1,12,531,2
1,12,532,2
4,12,533,2
3,12,534,2
2,12,535,2
5,12,536,2
3,12,537,2
3,12,538,2
1,12,539,2
1,12,540,2
2,12,541,2
2,12,542,2
1,12,543,2
1,12,544,2
1,12,545,2
1,12,546,2
1,12,547,2
1,12,548,2
1,12,549,2
1,12,550,2
1,12,551,2
1,12,552,2
1,12,553,2
1,12,554,2
1,12,555,2
1,12,556,2
1,12,557,2
1,12,558,2
1,12,559,2
1,12,560,2
3,12,561,2
1,12,562,2
9,12,563,2
5,12,564,2
1,12,565,2
11,12,566,2
8,12,567,2
1,12,568,2
1,12,569,2
2,12,570,2
1,12,571,2
1,12,572,2
1,12,573,2
2,12,574,2
8,12,575,2
2,12,576,2
2,12,577,2
2,12,578,2
9,12,579,2
1,12,580,2
4,12,581,2
1,12,582,2
2,12,583,2
1,12,584,2
1,12,585,2
9,12,586,2
1,12,587,2
3,12,588,2
11,12,589,2
1,12,590,2
1,12,591,2
3,12,592,2
2,12,593,2
2,12,594,2
1,12,595,2
1,12,596,2
1,12,597,2
2,12,598,2
6,12,599,2
1,12,600,2
4,12,601,2
3,12,602,2
4,12,603,2
1,12,604,2
2,12,605,2
6,12,606,2
11,12,607,2
4,12,608,2
1,12,609,2
2,12,610,2
1,12,611,2
1,12,612,2
1,12,613,2
1,12,614,2
1,12,615,2
1,12,616,2
1,12,617,2
1,12,618,2
1,12,619,2
1,12,620,2
1,12,621,2
1,12,622,2
1,12,623,2
1,12,624,2
1,12,625,2
1,12,626,2
1,12,627,2
1,12,628,2
1,12,629,2
2,12,630,2
5,12,631,2
11,12,632,2
2,12,633,2
6,12,634,2
12,12,635,2
4,12,636,2
9,12,637,2
3,12,638,2
9,12,639,2
1,12,640,2
4,12,641,2
10,12,642,2
6,12,643,2
1,12,644,2
2,12,645,2
1,12,646,2
2,12,647,2
1,12,648,2
2,12,649,2
3,12,650,2
3,12,651,2
2,12,652,2
1,12,653,2
4,12,654,2
1,12,655,2
4,12,656,2
2,12,657,2
2,12,658,2
5,12,659,2
4,12,660,2
5,12,661,2
5,12,662,2
20,12,663,2
2,12,664,2
7,12,665,2
1,12,666,2
2,12,667,2
1,12,668,2
1,12,669,2
1,12,670,2
2,12,671,2
1,12,672,2
5,12,673,2
2,12,674,2
1,12,675,2
2,12,676,2
2,12,677,2
1,12,678,2
2,12,679,2
1,12,680,2
2,12,681,2
2,12,682,2
1,12,683,2
1,12,684,2
1,12,685,2
2,12,686,2
1,12,687,2
1,12,688,2
3,12,689,2
1,12,690,2
1,12,691,2
2,12,692,2
3,12,693,2
1,12,694,2
1,12,695,2
2,12,696,2
1,12,697,2
1,12,698,2
1,12,699,2
1,12,700,2
1,12,701,2
1,12,702,2
1,12,703,2
1,12,704,2
1,12,705,2
1,12,706,2
1,12,707,2
1,12,708,2
1,12,709,2
2,12,710,2
1,12,711,2
1,12,712,2
1,12,713,2
1,12,714,2
8,12,715,2
7,12,716,2
3,12,717,2
16,12,718,2
6,12,719,2
4,12,720,2
10,12,721,2
15,12,722,2
3,12,723,2
2,12,724,2
12,12,725,2
25,12,726,2
2,12,727,2
7,12,728,2
1,12,729,2
4,12,730,2
6,12,731,2
1,12,732,2
2,12,733,2
1,12,734,2
1,12,735,2
1,12,736,2
1,12,737,2
2,12,738,2
1,12,739,2
2,12,740,2
10,12,741,2
2,12,742,2
3,12,743,2
1,12,744,2
11,12,745,2
2,12,746,2
2,12,747,2
15,12,748,2
1,12,749,2
4,12,750,2
3,12,751,2
1,12,752,2
3,12,753,2
3,12,754,2
1,12,755,2
12,12,756,2
2,12,757,2
6,12,758,2
17,12,759,2
2,12,760,2
2,12,761,2
2,12,762,2
10,12,763,2
1,12,764,2
3,12,765,2
1,12,766,2
1,12,767,2
11,12,768,2
5,12,769,2
3,12,770,2
5,12,771,2
5,12,772,2
11,12,773,2
1,12,774,2
1,12,775,2
1,12,776,2
1,12,777,2
3,12,778,2
1,12,779,2
1,12,780,2
1,12,781,2
12,12,782,2
1,12,783,2
1,12,784,2
1,12,785,2
1,12,786,2
1,12,787,2
2,12,788,2
1,12,789,2
1,12,790,2
2,12,791,2
1,12,792,2
1,12,793,2
1,12,794,2
1,12,795,2
11,12,796,2
1,12,797,2
10,12,798,2
2,12,799,2
9,12,800,2
1,12,801,2
4,12,802,2
11,12,803,2
1,12,804,2
1,12,805,2
1,12,806,2
2,12,807,2
1,12,808,2
1,12,809,2
3,12,810,2
1,12,811,2
1,12,812,2
5,12,813,2
1,12,814,2
7,12,815,2
2,12,816,2
2,12,817,2
15,12,818,2
8,12,819,2
2,12,820,2
1,12,821,2
3,12,822,2
1,12,823,2
1,12,824,2
1,12,825,2
2,12,826,2
4,12,827,2
3,12,828,2
4,12,829,2
3,12,830,2
1,12,831,2
1,12,832,2
1,12,833,2
1,12,834,2
3,12,835,2
1,12,836,2
1,12,837,2
1,12,838,2
1,12,839,2
2,12,840,2
15,12,841,2
2,12,842,2
5,12,843,2
18,12,844,2
2,12,845,2
4,12,846,2
1,12,847,2
1,12,848,2
1,12,849,2
4,12,850,2
6,12,851,2
1,12,852,2
2,12,853,2
1,12,854,2
1,12,855,2
7,12,856,2
1,12,857,2
1,12,858,2
1,12,859,2
1,12,860,2
2,12,861,2
2,12,862,2
1,12,863,2
1,12,864,2
1,12,865,2
1,12,866,2
1,12,867,2
1,12,868,2
1,12,869,2
1,12,870,2
1,12,871,2
1,12,872,2
1,12,873,2
1,12,874,2
2,12,875,2
1,12,876,2
12,12,877,2
1,12,878,2
7,12,879,2
1,12,880,2
4,12,881,2
4,12,882,2
4,12,883,2
5,12,884,2
1,12,885,2
2,12,886,2
1,12,887,2
1,12,888,2
1,12,889,2
3,12,890,2
3,12,891,2
1,12,892,2
19,12,893,2
2,12,894,2
2,12,895,2
9,12,896,2
12,12,897,2
2,12,898,2
2,12,899,2
3,12,900,2
9,12,901,2
11,12,902,2
4,12,903,2
8,12,904,2
4,12,905,2
1,12,906,2
1,12,907,2
7,12,908,2
4,12,909,2
1,12,910,2
3,12,911,2
1,12,912,2
1,12,913,2
1,12,914,2
6,12,915,2
7,12,916,2
2,12,917,2
1,12,918,2
5,12,919,2
1,12,920,2
5,12,921,2
1,12,922,2
6,12,923,2
1,12,924,2
4,12,925,2
1,12,926,2
1,12,927,2
2,12,928,2
1,12,929,2
2,12,930,2
1,12,931,2
1,12,932,2
1,12,933,2
10,12,934,2
2,12,935,2
1,12,936,2
1,12,937,2
1,12,938,2
1,12,939,2
2,12,940,2
3,12,941,2
1,12,942,2
1,12,943,2
1,12,944,2
1,12,945,2
1,12,946,2
1,12,947,2
1,12,948,2
1,12,949,2
4,12,950,2
2,12,951,2
1,12,952,2
1,12,953,2
1,12,954,2
4,12,955,2
6,12,956,2
1,12,957,2
3,12,958,2
3,12,959,2
1,12,960,2
1,12,961,2
2,12,962,2
1,12,963,2
1,12,964,2
1,12,965,2
1,12,966,2
2,12,967,2
2,12,968,2
1,12,969,2
2,12,970,2
7,12,971,2
1,12,972,2
3,12,973,2
2,12,974,2
1,12,975,2
2,12,976,2
1,12,977,2
8,12,978,2
3,12,979,2
6,12,980,2
11,12,981,2
3,12,982,2
15,12,983,2
18,12,984,2
2,12,985,2
1,12,986,2
3,12,987,2
6,12,988,2
2,12,989,2
12,12,990,2
4,12,991,2
2,12,992,2
3,12,993,2
1,12,994,2
1,12,995,2
1,12,996,2
11,12,997,2
6,12,998,2
1,12,999,2
2,12,1000,2
1,12,1001,2
4,12,1002,2
2,12,1003,2
2,12,1004,2
1,12,1005,2
1,12,1006,2
3,12,1007,2
1,12,1008,2
1,12,1009,2
2,12,1010,2
2,12,1011,2
11,12,1012,2
1,12,1013,2
1,12,1014,2
1,12,1015,2
3,12,1016,2
1,12,1017,2
2,12,1018,2
1,12,1019,2
4,12,1020,2
2,12,1021,2
1,12,1022,2
1,12,1023,2
1,12,1024,2
1,12,1025,2
1,12,1026,2
1,12,1027,2
1,12,1028,2
2,12,1029,2
1,12,1030,2
1,12,1031,2
1,12,1032,2
1,12,1033,2
1,12,1034,2
4,12,1035,2
1,12,1036,2
1,12,1037,2
1,12,1038,2
1,12,1039,2
18,12,1040,2
2,12,1041,2
6,12,1042,2
14,12,1043,2
1,12,1044,2
3,12,1045,2
4,12,1046,2
11,12,1047,2
5,12,1048,2
3,12,1049,2
1,12,1050,2
9,12,1051,2
6,12,1052,2
11,12,1053,2
3,12,1054,2
7,12,1055,2
6,12,1056,2
2,12,1057,2
5,12,1058,2
3,12,1059,2
6,12,1060,2
7,12,1061,2
1,12,1062,2
3,12,1063,2
1,12,1064,2
2,12,1065,2
1,12,1066,2
1,12,1067,2
15,12,1068,2
11,12,1069,2
9,12,1070,2
1,12,1071,2
1,12,1072,2
7,12,1073,2
1,12,1074,2
1,12,1075,2
7,12,1076,2
1,12,1077,2
1,12,1078,2
1,12,1079,2
2,12,1080,2
2,12,1081,2
1,12,1082,2
1,12,1083,2
1,12,1084,2
1,12,1085,2
1,12,1086,2
1,12,1087,2
2,12,1088,2
2,12,1089,2
1,12,1090,2
1,12,1091,2
1,12,1092,2
1,12,1093,2
2,12,1094,2
3,12,1095,2
1,12,1096,2
1,12,1097,2
1,12,1098,2
1,12,1099,2
1,12,1100,2
1,12,1101,2
1,12,1102,2
1,12,1103,2
1,12,1104,2
1,12,1105,2
1,12,1106,2
1,12,1107,2
5,12,1108,2
3,12,1109,2
3,12,1110,2
1,12,1111,2
1,12,1112,2
14,12,1113,2
6,12,1114,2
16,12,1115,2
1,12,1116,2
1,12,1117,2
5,12,1118,2
1,12,1119,2
1,12,1120,2
3,12,1121,2
1,12,1122,2
2,12,1123,2
1,12,1124,2
1,12,1125,2
2,12,1126,2
1,12,1127,2
1,12,1128,2
4,12,1129,2
1,12,1130,2
4,12,1131,2
5,12,1132,2
1,12,1133,2
7,12,1134,2
2,12,1135,2
1,12,1136,2
2,12,1137,2
1,12,1138,2
2,12,1139,2
1,12,1140,2
2,12,1141,2
15,12,1142,2
2,12,1143,2
1,12,1144,2
2,12,1145,2
1,12,1146,2
3,12,1147,2
1,12,1148,2
1,12,1149,2
2,12,1150,2
1,12,1151,2
1,12,1152,2
1,12,1153,2
2,12,1154,2
1,12,1155,2
2,12,1156,2
1,12,1157,2
1,12,1158,2
1,12,1159,2
3,12,1160,2
5,12,1161,2
3,12,1162,2
27,12,1163,2
1,12,1164,2
2,12,1165,2
5,12,1166,2
1,12,1167,2
1,12,1168,2
1,12,1169,2
3,12,1170,2
2,12,1171,2
1,12,1172,2
1,12,1173,2
1,12,1174,2
6,12,1175,2
11,12,1176,2
1,12,1177,2
1,12,1178,2
1,12,1179,2
1,12,1180,2
1,12,1181,2
1,12,1182,2
1,12,1183,2
1,12,1184,2
1,12,1185,2
1,12,1186,2
1,12,1187,2
3,12,1188,2
2,12,1189,2
20,12,1190,2
1,12,1191,2
5,12,1192,2
9,12,1193,2
1,12,1194,2
12,12,1195,2
2,12,1196,2
3,12,1197,2
1,12,1198,2
1,12,1199,2
4,12,1200,2
4,12,1201,2
1,12,1202,2
1,12,1203,2
2,12,1204,2
2,12,1205,2
2,12,1206,2
1,12,1207,2
1,12,1208,2
2,12,1209,2
2,12,1210,2
2,12,1211,2
1,12,1212,2
16,12,1213,2
19,12,1214,2
14,12,1215,2
9,12,1216,2
10,12,1217,2
12,12,1218,2
4,12,1219,2
1,12,1220,2
1,12,1221,2
3,12,1222,2
11,12,1223,2
2,12,1224,2
4,12,1225,2
3,12,1226,2
3,12,1227,2
11,12,1228,2
1,12,1229,2
5,12,1230,2
1,12,1231,2
1,12,1232,2
1,12,1233,2
1,12,1234,2
1,12,1235,2
1,12,1236,2
3,12,1237,2
2,12,1238,2
1,12,1239,2
1,12,1240,2
2,12,1241,2
2,12,1242,2
1,12,1243,2
1,12,1244,2
1,12,1245,2
3,12,1246,2
7,12,1247,2
5,12,1248,2
3,12,1249,2
2,12,1250,2
1,12,1251,2
1,12,1252,2
3,12,1253,2
1,12,1254,2
1,12,1255,2
2,12,1256,2
1,12,1257,2
1,12,1258,2
1,12,1259,2
1,12,1260,2
1,12,1261,2
1,12,1262,2
1,12,1263,2
1,12,1264,2
1,12,1265,2
1,12,1266,2
1,12,1267,2
1,12,1268,2
1,12,1269,2
1,12,1270,2
1,12,1271,2
1,12,1272,2
1,12,1273,2
16,12,1274,2
1,12,1275,2
10,12,1276,2
28,12,1277,2
2,12,1278,2
7,12,1279,2
13,12,1280,2
1,12,1281,2
14,12,1282,2
1,12,1283,2
1,12,1284,2
1,12,1285,2
1,12,1286,2
1,12,1287,2
5,12,1288,2
1,12,1289,2
4,12,1290,2
4,12,1291,2
1,12,1292,2
1,12,1293,2
4,12,1294,2
2,12,1295,2
1,12,1296,2
2,12,1297,2
6,12,1298,2
3,12,1299,2
4,12,1300,2
1,12,1301,2
12,12,1302,2
6,12,1303,2
4,12,1304,2
8,12,1305,2
4,12,1306,2
9,12,1307,2
1,12,1308,2
2,12,1309,2
1,12,1310,2
6,12,1311,2
2,12,1312,2
1,12,1313,2
1,12,1314,2
12,12,1315,2
2,12,1316,2
10,12,1317,2
9,12,1318,2
1,12,1319,2
1,12,1320,2
1,12,1321,2
1,12,1322,2
1,12,1323,2
1,12,1324,2
2,12,1325,2
1,12,1326,2
1,12,1327,2
5,12,1328,2
1,12,1329,2
1,12,1330,2
1,12,1331,2
10,12,1332,2
1,12,1333,2
1,12,1334,2
1,12,1335,2
2,12,1336,2
1,12,1337,2
1,12,1338,2
1,12,1339,2
1,12,1340,2
2,12,1341,2
1,12,1342,2
2,12,1343,2
2,12,1344,2
1,12,1345,2
2,12,1346,2
3,12,1347,2
2,12,1348,2
1,12,1349,2
1,12,1350,2
1,12,1351,2
1,12,1352,2
1,12,1353,2
2,12,1354,2
1,12,1355,2
1,12,1356,2
1,12,1357,2
1,12,1358,2
1,12,1359,2
2,12,1360,2
1,12,1361,2
1,12,1362,2
3,12,1363,2
6,12,1364,2
4,12,1365,2
6,12,1366,2
2,12,1367,2
12,12,1368,2
4,12,1369,2
5,12,1370,2
14,12,1371,2
6,12,1372,2
2,12,1373,2
4,12,1374,2
1,12,1375,2
1,12,1376,2
1,12,1377,2
14,12,1378,2
5,12,1379,2
2,12,1380,2
1,12,1381,2
2,12,1382,2
2,12,1383,2
1,12,1384,2
2,12,1385,2
13,12,1386,2
4,12,1387,2
2,12,1388,2
16,12,1389,2
1,12,1390,2
7,12,1391,2
1,12,1392,2
5,12,1393,2
4,12,1394,2
3,12,1395,2
2,12,1396,2
2,12,1397,2
1,12,1398,2
2,12,1399,2
6,12,1400,2
8,12,1401,2
2,12,1402,2
12,12,1403,2
4,12,1404,2
1,12,1405,2
1,12,1406,2
3,12,1407,2
1,12,1408,2
3,12,1409,2
1,12,1410,2
1,12,1411,2
1,12,1412,2
4,12,1413,2
1,12,1414,2
7,12,1415,2
1,12,1416,2
3,12,1417,2
2,12,1418,2
4,12,1419,2
26,12,1420,2
1,12,1421,2
1,12,1422,2
1,12,1423,2
4,12,1424,2
2,12,1425,2
1,12,1426,2
1,12,1427,2
21,12,1428,2
1,12,1429,2
1,12,1430,2
1,12,1431,2
1,12,1432,2
1,12,1433,2
1,12,1434,2
1,12,1435,2
1,12,1436,2
1,12,1437,2
1,12,1438,2
1,12,1439,2
1,12,1440,2
1,12,1441,2
1,12,1442,2
1,12,1443,2
1,12,1444,2
1,12,1445,2
1,12,1446,2
1,12,1447,2
1,12,1448,2
1,12,1449,2
1,12,1450,2
4,12,1451,2
4,12,1452,2
11,12,1453,2
1,12,1454,2
1,12,1455,2
9,12,1456,2
4,12,1457,2
4,12,1458,2
3,12,1459,2
1,12,1460,2
2,12,1461,2
1,12,1462,2
4,12,1463,2
1,12,1464,2
2,12,1465,2
3,12,1466,2
2,12,1467,2
10,12,1468,2
2,12,1469,2
1,12,1470,2
2,12,1471,2
1,12,1472,2
1,12,1473,2
2,12,1474,2
1,12,1475,2
6,12,1476,2
12,12,1477,2
2,12,1478,2
5,12,1479,2
4,12,1480,2
2,12,1481,2
6,12,1482,2
2,12,1483,2
1,12,1484,2
4,12,1485,2
1,12,1486,2
1,12,1487,2
1,12,1488,2
20,12,1489,2
1,12,1490,2
8,12,1491,2
5,12,1492,2
7,12,1493,2
1,12,1494,2
1,12,1495,2
1,12,1496,2
1,12,1497,2
8,12,1498,2
1,12,1499,2
3,12,1500,2
2,12,1501,2
1,12,1502,2
1,12,1503,2
1,12,1504,2
1,12,1505,2
6,12,1506,2
2,12,1507,2
5,12,1508,2
5,12,1509,2
1,12,1510,2
2,12,1511,2
2,12,1512,2
1,12,1513,2
1,12,1514,2
2,12,1515,2
3,12,1516,2
2,12,1517,2
2,12,1518,2
1,12,1519,2
3,12,1520,2
1,12,1521,2
3,12,1522,2
1,12,1523,2
1,12,1524,2
2,12,1525,2
2,12,1526,2
1,12,1527,2
1,12,1528,2
1,12,1529,2
1,12,1530,2
3,12,1531,2
2,12,1532,2
1,12,1533,2
1,12,1534,2
1,12,1535,2
2,12,1536,2
1,12,1537,2
1,12,1538,2
1,12,1539,2
1,12,1540,2
1,12,1541,2
1,12,1542,2
1,12,1543,2
1,12,1544,2
1,12,1545,2
1,12,1546,2
2,12,1547,2
1,12,1548,2
1,12,1549,2
1,12,1550,2
1,12,1551,2
1,12,1552,2
1,12,1553,2
1,12,1554,2
1,12,1555,2
1,12,1556,2
1,12,1557,2
6,12,1558,2
4,12,1559,2
9,12,1560,2
2,12,1561,2
1,12,1562,2
3,12,1563,2
3,12,1564,2
3,12,1565,2
14,12,1566,2
2,12,1567,2
2,12,1568,2
3,12,1569,2
1,12,1570,2
2,12,1571,2
7,12,1572,2
2,12,1573,2
3,12,1574,2
1,12,1575,2
6,12,1576,2
11,12,1577,2
11,12,1578,2
1,12,1579,2
2,12,1580,2
2,12,1581,2
1,12,1582,2
3,12,1583,2
12,12,1584,2
5,12,1585,2
5,12,1586,2
1,12,1587,2
7,12,1588,2
5,12,1589,2
3,12,1590,2
2,12,1591,2
15,12,1592,2
4,12,1593,2
12,12,1594,2
1,12,1595,2
1,12,1596,2
1,12,1597,2
1,12,1598,2
2,12,1599,2
1,12,1600,2
6,12,1601,2
2,12,1602,2
1,12,1603,2
1,12,1604,2
1,12,1605,2
1,12,1606,2
6,12,1607,2
1,12,1608,2
1,12,1609,2
1,12,1610,2
5,12,1611,2
1,12,1612,2
1,12,1613,2
1,12,1614,2
1,12,1615,2
2,12,1616,2
1,12,1617,2
2,12,1618,2
1,12,1619,2
1,12,1620,2
1,12,1621,2
1,12,1622,2
1,12,1623,2
1,12,1624,2
1,12,1625,2
1,12,1626,2
1,12,1627,2
1,12,1628,2
1,12,1629,2
18,12,1630,2
4,12,1631,2
3,12,1632,2
5,12,1633,2
1,12,1634,2
9,12,1635,2
13,12,1636,2
2,12,1637,2
13,12,1638,2
3,12,1639,2
13,12,1640,2
1,12,1641,2
8,12,1642,2
11,12,1643,2
1,12,1644,2
14,12,1645,2
1,12,1646,2
4,12,1647,2
7,12,1648,2
3,12,1649,2
2,12,1650,2
11,12,1651,2
4,12,1652,2
2,12,1653,2
1,12,1654,2
5,12,1655,2
5,12,1656,2
1,12,1657,2
9,12,1658,2
3,12,1659,2
7,12,1660,2
7,12,1661,2
3,12,1662,2
4,12,1663,2
7,12,1664,2
7,12,1665,2
5,12,1666,2
26,12,1667,2
1,12,1668,2
1,12,1669,2
1,12,1670,2
3,12,1671,2
1,12,1672,2
1,12,1673,2
3,12,1674,2
14,12,1675,2
1,12,1676,2
1,12,1677,2
3,12,1678,2
2,12,1679,2
1,12,1680,2
2,12,1681,2
2,12,1682,2
1,12,1683,2
1,12,1684,2
1,12,1685,2
1,12,1686,2
3,12,1687,2
1,12,1688,2
1,12,1689,2
3,12,1690,2
1,12,1691,2
1,12,1692,2
1,12,1693,2
1,12,1694,2
2,12,1695,2
2,12,1696,2
1,12,1697,2
1,12,1698,2
2,12,1699,2
1,12,1700,2
1,12,1701,2
1,12,1702,2
1,12,1703,2
1,12,1704,2
2,12,1705,2
1,12,1706,2
1,12,1707,2
1,12,1708,2
1,12,1709,2
13,12,1710,2
14,12,1711,2
2,12,1712,2
4,12,1713,2
1,12,1714,2
9,12,1715,2
3,12,1716,2
1,12,1717,2
2,12,1718,2
3,12,1719,2
1,12,1720,2
4,12,1721,2
1,12,1722,2
3,12,1723,2
2,12,1724,2
1,12,1725,2
2,12,1726,2
1,12,1727,2
3,12,1728,2
1,12,1729,2
7,12,1730,2
1,12,1731,2
6,12,1732,2
1,12,1733,2
6,12,1734,2
4,12,1735,2
1,12,1736,2
2,12,1737,2
20,12,1738,2
1,12,1739,2
4,12,1740,2
1,12,1741,2
1,12,1742,2
3,12,1743,2
3,12,1744,2
3,12,1745,2
1,12,1746,2
7,12,1747,2
7,12,1748,2
1,12,1749,2
2,12,1750,2
1,12,1751,2
2,12,1752,2
1,12,1753,2
1,12,1754,2
1,12,1755,2
3,12,1756,2
1,12,1757,2
5,12,1758,2
2,12,1759,2
1,12,1760,2
1,12,1761,2
2,12,1762,2
2,12,1763,2
1,12,1764,2
1,12,1765,2
1,12,1766,2
4,12,1767,2
1,12,1768,2
1,12,1769,2
1,12,1770,2
1,12,1771,2
1,12,1772,2
1,12,1773,2
1,12,1774,2
1,12,1775,2
1,12,1776,2
1,12,1777,2
1,12,1778,2
1,12,1779,2
1,12,1780,2
2,12,1781,2
1,12,1782,2
1,12,1783,2
2,12,1784,2
1,12,1785,2
1,12,1786,2
1,12,1787,2
1,12,1788,2
1,12,1789,2
1,12,1790,2
1,12,1791,2
1,12,1792,2
1,12,1793,2
11,12,1794,2
2,12,1795,2
2,12,1796,2
1,12,1797,2
3,12,1798,2
3,12,1799,2
4,12,1800,2
1,12,1801,2
10,12,1802,2
3,12,1803,2
2,12,1804,2
1,12,1805,2
1,12,1806,2
2,12,1807,2
3,12,1808,2
5,12,1809,2
3,12,1810,2
1,12,1811,2
1,12,1812,2
3,12,1813,2
2,12,1814,2
2,12,1815,2
4,12,1816,2
3,12,1817,2
1,12,1818,2
18,12,1819,2
3,12,1820,2
5,12,1821,2
5,12,1822,2
1,12,1823,2
1,12,1824,2
2,12,1825,2
11,12,1826,2
3,12,1827,2
9,12,1828,2
12,12,1829,2
10,12,1830,2
1,12,1831,2
5,12,1832,2
23,12,1833,2
4,12,1834,2
11,12,1835,2
7,12,1836,2
1,12,1837,2
6,12,1838,2
2,12,1839,2
1,12,1840,2
2,12,1841,2
10,12,1842,2
1,12,1843,2
1,12,1844,2
5,12,1845,2
4,12,1846,2
1,12,1847,2
1,12,1848,2
1,12,1849,2
1,12,1850,2
1,12,1851,2
1,12,1852,2
1,12,1853,2
1,12,1854,2
1,12,1855,2
1,12,1856,2
1,12,1857,2
1,12,1858,2
1,12,1859,2
1,12,1860,2
1,12,1861,2
1,12,1862,2
1,12,1863,2
7,12,1864,2
6,12,1865,2
3,12,1866,2
1,12,1867,2
1,12,1868,2
2,12,1869,2
5,12,1870,2
1,12,1871,2
2,12,1872,2
1,12,1873,2
3,12,1874,2
2,12,1875,2
3,12,1876,2
2,12,1877,2
2,12,1878,2
6,12,1879,2
1,12,1880,2
1,12,1881,2
2,12,1882,2
2,12,1883,2
11,12,1884,2
3,12,1885,2
1,12,1886,2
1,12,1887,2
10,12,1888,2
2,12,1889,2
7,12,1890,2
2,12,1891,2
3,12,1892,2
8,12,1893,2
2,12,1894,2
1,12,1895,2
8,12,1896,2
2,12,1897,2
3,12,1898,2
1,12,1899,2
5,12,1900,2
1,12,1901,2
1,12,1902,2
1,12,1903,2
3,12,1904,2
1,12,1905,2
3,12,1906,2
1,12,1907,2
1,12,1908,2
5,12,1909,2
1,12,1910,2
1,12,1911,2
3,12,1912,2
1,12,1913,2
1,12,1914,2
4,12,1915,2
3,12,1916,2
1,12,1917,2
2,12,1918,2
1,12,1919,2
2,12,1920,2
2,12,1921,2
1,12,1922,2
1,12,1923,2
1,12,1924,2
1,12,1925,2
1,12,1926,2
1,12,1927,2
1,12,1928,2
1,12,1929,2
1,12,1930,2
1,12,1931,2
1,12,1932,2
1,12,1933,2
1,12,1934,2
1,12,1935,2
1,12,1936,2
1,12,1937,2
1,12,1938,2
1,12,1939,2
1,12,1940,2
1,12,1941,2
1,12,1942,2
1,12,1943,2
1,12,1944,2
1,12,1945,2
12,12,1946,2
1,12,1947,2
11,12,1948,2
4,12,1949,2
3,12,1950,2
1,12,1951,2
14,12,1952,2
10,12,1953,2
8,12,1954,2
7,12,1955,2
2,12,1956,2
2,12,1957,2
5,12,1958,2
4,12,1959,2
1,12,1960,2
5,12,1961,2
6,12,1962,2
14,12,1963,2
4,12,1964,2
18,12,1965,2
10,12,1966,2
1,12,1967,2
10,12,1968,2
1,12,1969,2
1,12,1970,2
1,12,1971,2
1,12,1972,2
3,12,1973,2
1,12,1974,2
22,12,1975,2
1,12,1976,2
11,12,1977,2
12,12,1978,2
1,12,1979,2
10,12,1980,2
3,12,1981,2
4,12,1982,2
8,12,1983,2
4,12,1984,2
1,12,1985,2
5,12,1986,2
5,12,1987,2
1,12,1988,2
2,12,1989,2
3,12,1990,2
14,12,1991,2
1,12,1992,2
1,12,1993,2
10,12,1994,2
21,12,1995,2
2,12,1996,2
1,12,1997,2
1,12,1998,2
1,12,1999,2
1,12,2000,2
1,12,2001,2
2,12,2002,2
1,12,2003,2
2,12,2004,2
2,12,2005,2
3,12,2006,2
6,12,2007,2
1,12,2008,2
1,12,2009,2
5,12,2010,2
2,12,2011,2
1,12,2012,2
1,12,2013,2
1,12,2014,2
1,12,2015,2
2,12,2016,2
2,12,2017,2
1,12,2018,2
2,12,2019,2
1,12,2020,2
8,12,2021,2
2,12,2022,2
3,12,2023,2
1,12,2024,2
2,12,2025,2
2,12,2026,2
1,12,2027,2
2,12,2028,2
1,12,2029,2
1,12,2030,2
2,12,2031,2
2,12,2032,2
1,12,2033,2
1,12,2034,2
1,12,2035,2
1,12,2036,2
1,12,2037,2
1,12,2038,2
2,12,2039,2
1,12,2040,2
1,12,2041,2
1,12,2042,2
1,12,2043,2
1,12,2044,2
1,12,2045,2
1,12,2046,2
1,12,2047,2
1,12,2048,2
1,12,2049,2
2,12,2050,2
2,12,2051,2
5,12,2052,2
1,12,2053,2
1,12,2054,2
2,12,2055,2
7,12,2056,2
2,12,2057,2
2,12,2058,2
4,12,2059,2
6,12,2060,2
1,12,2061,2
2,12,2062,2
1,12,2063,2
3,12,2064,2
1,12,2065,2
1,12,2066,2
3,12,2067,2
6,12,2068,2
1,12,2069,2
1,12,2070,2
3,12,2071,2
5,12,2072,2
3,12,2073,2
1,12,2074,2
3,12,2075,2
3,12,2076,2
7,12,2077,2
9,12,2078,2
1,12,2079,2
10,12,2080,2
5,12,2081,2
15,12,2082,2
1,12,2083,2
17,12,2084,2
1,12,2085,2
2,12,2086,2
2,12,2087,2
2,12,2088,2
5,12,2089,2
1,12,2090,2
14,12,2091,2
15,12,2092,2
2,12,2093,2
1,12,2094,2
1,12,2095,2
1,12,2096,2
1,12,2097,2
1,12,2098,2
1,12,2099,2
1,12,2100,2
1,12,2101,2
2,12,2102,2
1,12,2103,2
3,12,2104,2
1,12,2105,2
2,12,2106,2
2,12,2107,2
2,12,2108,2
1,12,2109,2
1,12,2110,2
1,12,2111,2
1,12,2112,2
2,12,2113,2
2,12,2114,2
1,12,2115,2
1,12,2116,2
1,12,2117,2
1,12,2118,2
2,12,2119,2
4,12,2120,2
2,12,2121,2
4,12,2122,2
2,12,2123,2
1,12,2124,2
1,12,2125,2
1,12,2126,2
1,12,2127,2
1,12,2128,2
2,12,2129,2
1,12,2130,2
1,12,2131,2
1,12,2132,2
1,12,2133,2
1,12,2134,2
1,12,2135,2
3,12,2136,2
1,12,2137,2
3,12,2138,2
2,12,2139,2
2,12,2140,2
2,12,2141,2
3,12,2142,2
1,12,2143,2
1,12,2144,2
1,12,2145,2
4,12,2146,2
2,12,2147,2
2,12,2148,2
15,12,2149,2
1,12,2150,2
13,12,2151,2
6,12,2152,2
1,12,2153,2
1,12,2154,2
5,12,2155,2
3,12,2156,2
9,12,2157,2
4,12,2158,2
14,12,2159,2
4,12,2160,2
1,12,2161,2
5,12,2162,2
14,12,2163,2
13,12,2164,2
4,12,2165,2
2,12,2166,2
2,12,2167,2
3,12,2168,2
1,12,2169,2
2,12,2170,2
